{
  "DZA": 3.14979804680612,
  "AGO": 3.28868212079891,
  "BEN": 22.5257183398368,
  "BWA": 0.457007746193072,
  "BFA": 21.9298245614035,
  "BDI": 36.993769470405,
  "CPV": 12.4069478908189,
  "CMR": 13.1158638488714,
  "CAF": 2.88933834151979,
  "TCD": 3.57369758576874,
  "COM": 34.9274583557227,
  "CIV": 9.11949685534591,
  "DJI": 0.0690250215703192,
  "GNQ": 4.27807486631016,
  "ERI": 6.83168316831683,
  "ETH": 14.565,
  "GAB": 1.26130321729344,
  "GHA": 20.3041223521139,
  "GIN": 11.8020511150903,
  "GNB": 10.6685633001422,
  "KEN": 9.66370313103982,
  "LSO": 10.6060606060606,
  "LBR": 4.98338870431894,
  "LBY": 0.975254896166043,
  "MDG": 6.01850259655398,
  "MWI": 39.2448027153161,
  "MLI": 5.13116809677181,
  "MRT": 0.436596487823809,
  "MUS": 39.4088669950739,
  "MAR": 17.3186197624916,
  "MOZ": 7.18482158752766,
  "NAM": 0.971711061715799,
  "NER": 11.9207389279229,
  "NGA": 36.2330775058467,
  "RWA": 45.5581678151601,
  "STP": 8.85416666666667,
  "SEN": 19.9968836025554,
  "SYC": 1.95652173913044,
  "SLE": 21.8949847603214,
  "SOM": 1.75343513884018,
  "ZAF": 10.331467574541,
  "SDN": 7.93686868686869,
  "SWZ": 10.1744186046512,
  "TZA": 13.0955068864303,
  "TGO": 45.2289023717595,
  "TUN": 18.1707003089598,
  "UGA": 33.6624775583483,
  "ZMB": 4.5736423680706,
  "ZWE": 10.3399250355435
}